MEG,Hits_P_BPW_10_1,Hits_P_BPW_10_2,Hits_P_BPW_10_3,Hits_P_BPW_50_1,Hits_P_BPW_50_2,Hits_P_BPW_50_3,Hits_P_TSB_10_1,Hits_P_TSB_10_2,Hits_P_TSB_10_3,Hits_P_TSB_50_1,Hits_P_TSB_50_2,Hits_P_TSB_50_3,Hits_S_BPW_50_1,Hits_S_BPW_50_2,Hits_S_BPW_50_3,Hits_S_TSB_50_1,Hits_S_TSB_50_3,Hits_P_CI_50_1,Hits_P_CI_50_2,Hits_P_CI_50_3,Hits_S_CI_10_1,Hits_S_CI_10_2,Hits_S_CI_50_1,Hits_S_CI_50_2,Hits_S_CI_50_3,Hits_P_CI_10_1,Hits_P_CI_10_2,Hits_P_CI_10_3
MEG_3187,210,305,320,490,309,480,623,1481,2244,351,1065,1496,378,301,547,181,198,0,0,0,0,0,0,0,0,0,0,0
MEG_3189,484,0,0,955,634,1021,1019,2325,2626,377,894,1655,1091,801,1060,448,677,0,0,0,0,0,0,0,0,0,0,0
MEG_3201,250,510,539,800,428,794,698,1043,1436,211,596,939,939,728,1052,467,477,0,0,0,0,0,0,0,0,0,0,0
MEG_3216,2035,3133,3201,4101,2583,5053,1933,3742,3650,2871,7291,8231,0,0,833,0,0,0,0,0,0,0,0,0,0,0,0,0
MEG_3220,109,200,185,296,160,300,242,473,642,0,194,353,297,196,322,106,165,0,0,0,0,0,0,0,0,0,0,0
MEG_3226,913,1950,2850,4277,2352,4370,1722,0,0,0,0,0,3871,3265,2595,2011,3538,0,659,0,2020,850,656,0,829,0,0,0
MEG_3227,118,213,216,330,167,358,323,855,1275,138,482,655,278,163,298,0,144,0,0,0,0,0,0,0,0,0,0,0
MEG_3234,177,0,0,461,0,516,385,833,1183,0,283,512,367,273,448,0,257,0,0,0,0,0,0,0,0,0,0,0
MEG_3238,1770,3218,3889,4479,3089,5467,3869,7353,8482,2131,4932,7364,3020,2469,3135,1660,2424,0,0,0,0,0,0,0,0,0,0,0
MEG_3242,1469,2446,2490,3191,1773,3417,2811,5471,6406,0,2382,3844,2745,1812,2923,1120,1354,0,0,0,0,0,0,0,0,0,0,0
MEG_5332,253,349,347,487,287,481,768,1399,1963,453,963,1565,295,195,429,138,171,0,0,0,0,0,0,0,0,0,0,0
MEG_5333,105,141,136,167,117,244,333,825,1065,281,667,938,134,98,157,83,81,0,0,0,0,0,0,0,0,0,0,0
MEG_5334,563,974,1080,1493,802,1607,1724,3568,4172,790,1802,3039,1467,986,1522,725,937,0,0,0,0,0,0,0,0,0,0,0
MEG_5348,207,338,0,381,165,470,550,1326,1765,298,739,1175,240,182,241,0,120,0,0,0,0,0,0,0,0,0,0,0
MEG_5353,217,300,0,408,210,444,307,625,732,0,237,498,497,200,391,162,209,0,0,0,0,0,0,0,0,0,0,0
MEG_5363,84,163,132,196,97,219,327,711,909,191,567,763,153,89,157,56,83,0,0,0,0,0,0,0,0,0,0,0
MEG_5394,190,234,267,359,214,419,810,1463,1965,398,1153,1584,309,223,298,164,181,0,0,0,0,0,0,0,0,0,0,0
MEG_3212,0,198,0,340,0,307,289,658,1034,129,305,569,0,0,284,0,0,0,0,0,0,0,0,0,0,0,0,0
MEG_5325,0,975,1434,1929,1334,1901,0,0,0,0,0,0,1476,1418,1123,850,1596,0,0,0,490,0,0,0,0,0,0,0
MEG_5357,0,1063,1515,2280,1466,2244,1007,0,0,0,0,0,1455,1552,1363,1036,1675,0,196,0,595,0,0,0,0,0,0,0
MEG_5361,0,402,415,616,0,745,356,845,1003,292,749,978,608,273,494,203,250,0,0,0,0,0,0,0,0,0,0,0
MEG_3178,0,0,0,0,331,602,716,1679,2396,294,676,1147,385,250,422,0,183,0,0,0,0,0,0,0,0,0,0,0
MEG_3205,0,0,0,0,0,2115,1902,3806,4869,0,1779,2831,1216,996,1372,597,0,0,0,0,0,0,0,0,0,0,0,0
MEG_3208,0,0,0,0,0,199,0,135,111,0,0,0,0,0,0,0,0,0,0,0,0,0,0,0,0,0,0,0
MEG_5342,0,0,0,0,0,0,1809,3261,4112,939,2004,2864,1295,0,0,0,0,0,0,0,0,0,0,0,0,0,0,0
MEG_5343,0,0,0,0,0,0,916,0,138,0,0,128,0,0,0,0,0,0,0,0,0,0,0,0,0,0,0,0
MEG_5346,0,0,0,0,0,0,0,217,0,0,0,0,0,0,0,0,0,0,0,0,0,0,0,0,0,0,0,0
MEG_3196,0,0,0,0,0,0,0,0,0,0,137,368,515,0,605,327,304,0,0,0,0,0,0,0,0,0,0,0
MEG_3200,0,0,0,0,0,0,0,0,0,0,106,0,0,0,0,0,0,0,0,0,0,0,0,0,0,0,0,0
MEG_3219,0,0,0,0,0,0,0,0,0,0,0,0,300,201,362,0,237,0,0,0,0,0,0,0,0,0,0,0
MEG_5339,0,0,0,0,0,0,0,0,0,0,0,0,174,0,161,109,112,0,0,0,0,0,0,0,0,0,0,0
MEG_3188,0,0,0,0,0,0,0,0,0,0,0,0,0,0,0,0,0,788,1142,0,5015,2626,2187,2109,2305,908,1103,582
MEG_3231,0,0,0,0,0,0,0,0,0,0,0,0,0,0,0,0,0,994,1605,651,7041,4031,3291,2895,3402,950,1183,640
MEG_3180,0,0,0,0,0,0,0,0,0,0,0,0,0,0,0,0,0,0,201,0,567,299,0,0,0,178,234,0
MEG_3206,0,0,0,0,0,0,0,0,0,0,0,0,0,0,0,0,0,0,702,0,2123,1168,537,0,669,0,0,0
MEG_3237,0,0,0,0,0,0,0,0,0,0,0,0,0,0,0,0,0,0,0,0,567,302,0,0,0,303,294,166
MEG_3243,0,0,0,0,0,0,0,0,0,0,0,0,0,0,0,0,0,0,0,0,1106,573,0,0,0,0,461,0
MEG_5360,0,0,0,0,0,0,0,0,0,0,0,0,0,0,0,0,0,0,0,0,2382,0,893,839,1070,0,0,0
